{
  "bounds": {
    "minLat": 30.183121842195504,
    "maxLat": 30.211608223816913,
    "minLon": 120.08056640625,
    "maxLon": 120.12451171875
  },
  "width": 1024,
  "height": 768
}