{
  "bounds": {
    "minLat": 30.240086360983412,
    "maxLat": 30.27804437780014,
    "minLon": 120.091552734375,
    "maxLon": 120.12451171875
  },
  "width": 768,
  "height": 1024
}